category,controller_name,path,actions,rescued_exceptions,rescue_froms
"no_handling","EVSS::Authorizeable","app/controllers/concerns/evss/authorizeable.rb","authorize_evss","",""
"no_handling","Filterable","app/controllers/concerns/filterable.rb","normalize_filter_params | validate_filter_params","",""
"no_handling","Headers","app/controllers/concerns/headers.rb","set_app_info_headers","",""
"no_handling","IgnoreNotFound","app/controllers/concerns/ignore_not_found.rb","skip_sentry_exception_types","",""
"no_handling","Vet360::Transactionable","app/controllers/concerns/vet360/transactionable.rb","check_transaction_status","",""
"no_handling","Vet360::Writeable","app/controllers/concerns/vet360/writeable.rb","write_to_vet360_and_render_transaction | invalidate_cache","",""
"no_handling","FlipperController","app/controllers/flipper_controller.rb","login | logout","",""
"no_handling","SignIn::OpenidConnectCertificatesController","app/controllers/sign_in/openid_connect_certificates_controller.rb","index","",""
"no_handling","SignIn::UserInfoController","app/controllers/sign_in/user_info_controller.rb","show","",""
"no_handling","Sts::TermsOfUseController","app/controllers/sts/terms_of_use_controller.rb","current_status","",""
"no_handling","V0::AdminController","app/controllers/v0/admin_controller.rb","status | header_status","",""
"no_handling","V0::ApidocsController","app/controllers/v0/apidocs_controller.rb","index","",""
"no_handling","V0::AppealsController","app/controllers/v0/appeals_controller.rb","index","",""
"no_handling","V0::AppsController","app/controllers/v0/apps_controller.rb","index | show | scopes","",""
"no_handling","V0::AverageDaysForClaimCompletionController","app/controllers/v0/average_days_for_claim_completion_controller.rb","index","",""
"no_handling","V0::BackendStatusesController","app/controllers/v0/backend_statuses_controller.rb","index","",""
"no_handling","V0::BannersController","app/controllers/v0/banners_controller.rb","by_path","",""
"no_handling","V0::BenefitsDocumentsController","app/controllers/v0/benefits_documents_controller.rb","create","",""
"no_handling","V0::BenefitsReferenceDataController","app/controllers/v0/benefits_reference_data_controller.rb","get_data","",""
"no_handling","V0::ContactUs::InquiriesController","app/controllers/v0/contact_us/inquiries_controller.rb","index | create","",""
"no_handling","V0::CsrfTokenController","app/controllers/v0/csrf_token_controller.rb","index","",""
"no_handling","V0::DatadogActionController","app/controllers/v0/datadog_action_controller.rb","create","",""
"no_handling","V0::DebtLettersController","app/controllers/v0/debt_letters_controller.rb","index | show","",""
"no_handling","V0::DependentsVerificationsController","app/controllers/v0/dependents_verifications_controller.rb","index | create","",""
"no_handling","V0::DocumentsController","app/controllers/v0/documents_controller.rb","create","",""
"no_handling","V0::EducationCareerCounselingClaimsController","app/controllers/v0/education_career_counseling_claims_controller.rb","create","",""
"no_handling","V0::EfolderController","app/controllers/v0/efolder_controller.rb","index | show","",""
"no_handling","V0::EnrollmentPeriodsController","app/controllers/v0/enrollment_periods_controller.rb","index","",""
"no_handling","V0::EventBusGatewayController","app/controllers/v0/event_bus_gateway_controller.rb","send_email | send_push | send_notifications","",""
"no_handling","V0::EVSSBenefitsClaimsController","app/controllers/v0/evss_benefits_claims_controller.rb","index | show","",""
"no_handling","V0::EVSSClaimsController","app/controllers/v0/evss_claims_controller.rb","index | show | request_decision","",""
"no_handling","V0::ExampleController","app/controllers/v0/example_controller.rb","index | limited | welcome | healthcheck | startup_healthcheck","",""
"no_handling","V0::FeatureTogglesController","app/controllers/v0/feature_toggles_controller.rb","index","",""
"no_handling","V0::Form1010EzrAttachmentsController","app/controllers/v0/form1010_ezr_attachments_controller.rb","create","",""
"no_handling","V0::Form1010EzrsController","app/controllers/v0/form1010_ezrs_controller.rb","create | download_pdf","",""
"no_handling","V0::FormsController","app/controllers/v0/forms_controller.rb","index","",""
"no_handling","V0::GIBillFeedbacksController","app/controllers/v0/gi_bill_feedbacks_controller.rb","show | create","",""
"no_handling","V0::GIDS::CalculatorConstantsController","app/controllers/v0/gids/calculator_constants_controller.rb","index","",""
"no_handling","V0::GIDS::InstitutionProgramsController","app/controllers/v0/gids/institution_programs_controller.rb","autocomplete | search","",""
"no_handling","V0::GIDS::InstitutionsController","app/controllers/v0/gids/institutions_controller.rb","autocomplete | search | show | children","",""
"no_handling","V0::GIDS::YellowRibbonProgramsController","app/controllers/v0/gids/yellow_ribbon_programs_controller.rb","index","",""
"no_handling","V0::GIDS::ZipcodeRatesController","app/controllers/v0/gids/zipcode_rates_controller.rb","show","",""
"no_handling","V0::IdCardAnnouncementSubscriptionController","app/controllers/v0/id_card_announcement_subscription_controller.rb","create","",""
"no_handling","V0::InProgressFormsController","app/controllers/v0/in_progress_forms_controller.rb","index | show | update | destroy","",""
"no_handling","V0::LettersDiscrepancyController","app/controllers/v0/letters_discrepancy_controller.rb","index","",""
"no_handling","V0::LettersGeneratorController","app/controllers/v0/letters_generator_controller.rb","index | download | beneficiary","",""
"no_handling","V0::MaintenanceWindowsController","app/controllers/v0/maintenance_windows_controller.rb","index","",""
"no_handling","V0::MDOT::SuppliesController","app/controllers/v0/mdot/supplies_controller.rb","create","",""
"no_handling","V0::MPIUsersController","app/controllers/v0/mpi_users_controller.rb","submit","",""
"no_handling","V0::MyVA::SubmissionPdfUrlsController","app/controllers/v0/my_va/submission_pdf_urls_controller.rb","create","",""
"no_handling","V0::MyVA::SubmissionStatusesController","app/controllers/v0/my_va/submission_statuses_controller.rb","show","",""
"no_handling","V0::Preneeds::BurialFormsController","app/controllers/v0/preneeds/burial_forms_controller.rb","create | send_confirmation_email","",""
"no_handling","V0::Preneeds::CemeteriesController","app/controllers/v0/preneeds/cemeteries_controller.rb","index","",""
"no_handling","V0::Profile::AddressValidationController","app/controllers/v0/profile/address_validation_controller.rb","create","",""
"no_handling","V0::Profile::AddressesController","app/controllers/v0/profile/addresses_controller.rb","create | create_or_update | update | destroy","",""
"no_handling","V0::Profile::CommunicationPreferencesController","app/controllers/v0/profile/communication_preferences_controller.rb","index | create | update","",""
"no_handling","V0::Profile::DirectDepositsController","app/controllers/v0/profile/direct_deposits_controller.rb","show | update","",""
"no_handling","V0::Profile::EmailAddressesController","app/controllers/v0/profile/email_addresses_controller.rb","create | create_or_update | update | destroy","",""
"no_handling","V0::Profile::FullNamesController","app/controllers/v0/profile/full_names_controller.rb","show","",""
"no_handling","V0::Profile::GenderIdentitiesController","app/controllers/v0/profile/gender_identities_controller.rb","update","",""
"no_handling","V0::Profile::MilitaryOccupationsController","app/controllers/v0/profile/military_occupations_controller.rb","show","",""
"no_handling","V0::Profile::PermissionsController","app/controllers/v0/profile/permissions_controller.rb","create | create_or_update | update | destroy","",""
"no_handling","V0::Profile::PersonalInformationsController","app/controllers/v0/profile/personal_informations_controller.rb","show","",""
"no_handling","V0::Profile::PersonsController","app/controllers/v0/profile/persons_controller.rb","initialize_vet360_id | status","",""
"no_handling","V0::Profile::PreferredNamesController","app/controllers/v0/profile/preferred_names_controller.rb","update","",""
"no_handling","V0::Profile::SchedulingPreferencesController","app/controllers/v0/profile/scheduling_preferences_controller.rb","show | create | update | destroy","",""
"no_handling","V0::Profile::TelephonesController","app/controllers/v0/profile/telephones_controller.rb","create | create_or_update | update | destroy","",""
"no_handling","V0::Profile::TransactionsController","app/controllers/v0/profile/transactions_controller.rb","status | statuses","",""
"no_handling","V0::Profile::ValidVAFileNumbersController","app/controllers/v0/profile/valid_va_file_numbers_controller.rb","show","",""
"no_handling","V0::Profile::VetVerificationStatusesController","app/controllers/v0/profile/vet_verification_statuses_controller.rb","show","",""
"no_handling","V0::RatedDisabilitiesController","app/controllers/v0/rated_disabilities_controller.rb","show","",""
"no_handling","V0::SearchClickTrackingController","app/controllers/v0/search_click_tracking_controller.rb","create","",""
"no_handling","V0::SearchController","app/controllers/v0/search_controller.rb","index","",""
"no_handling","V0::UserActionsController","app/controllers/v0/user_actions_controller.rb","index","",""
"no_handling","V0::UsersController","app/controllers/v0/users_controller.rb","show | icn | credential_emails","",""
"no_handling","V0::VeteranOnboardingsController","app/controllers/v0/veteran_onboardings_controller.rb","show | update","",""
"no_handling","V0::VeteranReadinessEmploymentClaimsController","app/controllers/v0/veteran_readiness_employment_claims_controller.rb","create","",""
"no_handling","V1::ApidocsController","app/controllers/v1/apidocs_controller.rb","index","",""
"no_handling","V1::GIDS::CalculatorConstantsController","app/controllers/v1/gids/calculator_constants_controller.rb","index","",""
"no_handling","V1::GIDS::InstitutionProgramsController","app/controllers/v1/gids/institution_programs_controller.rb","autocomplete | search","",""
"no_handling","V1::GIDS::InstitutionsController","app/controllers/v1/gids/institutions_controller.rb","autocomplete | search | show | children","",""
"no_handling","V1::GIDS::LCPE::ExamsController","app/controllers/v1/gids/lcpe/exams_controller.rb","index | show","",""
"no_handling","V1::GIDS::LCPE::LacsController","app/controllers/v1/gids/lcpe/lacs_controller.rb","index | show","",""
"no_handling","V1::GIDS::VersionPublicExportsController","app/controllers/v1/gids/version_public_exports_controller.rb","show","",""
"no_handling","V1::GIDS::YellowRibbonProgramsController","app/controllers/v1/gids/yellow_ribbon_programs_controller.rb","index","",""
"no_handling","V1::GIDS::ZipcodeRatesController","app/controllers/v1/gids/zipcode_rates_controller.rb","show","",""
"no_handling","V1::Profile::MilitaryInfosController","app/controllers/v1/profile/military_infos_controller.rb","show","",""
"no_handling","AccreditedRepresentativePortal::V0::ClaimSubmissionsController","modules/accredited_representative_portal/app/controllers/accredited_representative_portal/v0/claim_submissions_controller.rb","index","",""
"no_handling","AccreditedRepresentativePortal::V0::InProgressFormsController","modules/accredited_representative_portal/app/controllers/accredited_representative_portal/v0/in_progress_forms_controller.rb","show | update | destroy","",""
"no_handling","AccreditedRepresentativePortal::V0::RepresentativeUsersController","modules/accredited_representative_portal/app/controllers/accredited_representative_portal/v0/representative_users_controller.rb","show | authorize_as_representative","",""
"no_handling","AccreditedRepresentativePortal::V0::Form21aUploadConcern","modules/accredited_representative_portal/app/controllers/concerns/accredited_representative_portal/v0/form21a_upload_concern.rb","documents_key_for","",""
"no_handling","AppealsApi::AppealableIssues::V0::AppealableIssuesController","modules/appeals_api/app/controllers/appeals_api/appealable_issues/v0/appealable_issues_controller.rb","index | schema","",""
"no_handling","AppealsApi::Docs::V0::ApiController","modules/appeals_api/app/controllers/appeals_api/docs/v0/api_controller.rb","index","",""
"no_handling","AppealsApi::Docs::V1::DocsController","modules/appeals_api/app/controllers/appeals_api/docs/v1/docs_controller.rb","decision_reviews | appeals_status","",""
"no_handling","AppealsApi::Docs::V2::DocsController","modules/appeals_api/app/controllers/appeals_api/docs/v2/docs_controller.rb","decision_reviews | hlr | nod | sc | ai | la","",""
"no_handling","AppealsApi::LegacyAppeals::V0::LegacyAppealsController","modules/appeals_api/app/controllers/appeals_api/legacy_appeals/v0/legacy_appeals_controller.rb","index | schema","",""
"no_handling","AppealsApi::Schemas::SharedSchemasController","modules/appeals_api/app/controllers/appeals_api/schemas/shared_schemas_controller.rb","show","",""
"no_handling","AppealsApi::V0::AppealsController","modules/appeals_api/app/controllers/appeals_api/v0/appeals_controller.rb","index","",""
"no_handling","AppealsApi::V1::AppealsController","modules/appeals_api/app/controllers/appeals_api/v1/appeals_controller.rb","index","",""
"no_handling","AppealsApi::V1::DecisionReviews::NoticeOfDisagreements::EvidenceSubmissionsController::EvidenceSubmissionRequestValidatorError","modules/appeals_api/app/controllers/appeals_api/v1/decision_reviews/notice_of_disagreements/evidence_submissions_controller.rb","show | create","",""
"no_handling","AppealsApi::V2::DecisionReviews::NoticeOfDisagreements::EvidenceSubmissionsController::EvidenceSubmissionRequestValidatorError","modules/appeals_api/app/controllers/appeals_api/v2/decision_reviews/notice_of_disagreements/evidence_submissions_controller.rb","show | create","",""
"no_handling","AppealsApi::V2::DecisionReviews::SupplementalClaims::EvidenceSubmissionsController::EvidenceSubmissionRequestValidatorError","modules/appeals_api/app/controllers/appeals_api/v2/decision_reviews/supplemental_claims/evidence_submissions_controller.rb","show | create","",""
"no_handling","AppealsApi::GatewayOriginCheck","modules/appeals_api/app/controllers/concerns/appeals_api/gateway_origin_check.rb","require_gateway_origin","",""
"no_handling","AppealsApi::HeaderModification","modules/appeals_api/app/controllers/concerns/appeals_api/header_modification.rb","deprecate","",""
"no_handling","AppealsApi::HigherLevelReviews::PdfFormFieldV2Validator","modules/appeals_api/app/controllers/concerns/appeals_api/higher_level_reviews/pdf_form_field_v2_validator.rb","validate","",""
"no_handling","AppealsApi::IcnParameterValidation","modules/appeals_api/app/controllers/concerns/appeals_api/icn_parameter_validation.rb","validate_icn_parameter | validate_token_icn_access | veteran_icn","",""
"no_handling","AppealsApi::MPIVeteran","modules/appeals_api/app/controllers/concerns/appeals_api/mpi_veteran.rb","target_veteran","",""
"no_handling","AppealsApi::OpenidAuth","modules/appeals_api/app/controllers/concerns/appeals_api/openid_auth.rb","audience_url | find_auth_token | auth_token | token_validation_client | validate_auth_token | token_validation_result","",""
"no_handling","AppealsApi::PdfDownloads","modules/appeals_api/app/controllers/concerns/appeals_api/pdf_downloads.rb","render_appeal_pdf_download | self | download_authorized | submitted | expired | render_pdf_download_not_ready | render_pdf_download_expired","",""
"no_handling","AppealsApi::Schemas","modules/appeals_api/app/controllers/concerns/appeals_api/schemas.rb","headers_schema | form_schema | validate_headers | validate_form_data","",""
"no_handling","AppealsApi::StatusSimulator::StatusSimulation","modules/appeals_api/app/controllers/concerns/appeals_api/status_simulation.rb","status | status_requested_and_allowed | status_simulation_requested | status_simulation_allowed | with_status_simulation","",""
"no_handling","AppsApi::Docs::V0::ApiController","modules/apps_api/app/controllers/apps_api/docs/v0/api_controller.rb","index","",""
"no_handling","AskVAApi::V0::AddressValidationController","modules/ask_va_api/app/controllers/ask_va_api/v0/address_validation_controller.rb","create","",""
"no_handling","AskVAApi::V0::EducationFacilitiesController","modules/ask_va_api/app/controllers/ask_va_api/v0/education_facilities_controller.rb","autocomplete | search | show | children","",""
"no_handling","AskVAApi::V0::InquiriesController::InvalidAttachmentError","modules/ask_va_api/app/controllers/ask_va_api/v0/inquiries_controller.rb","index | show | create | unauth_create | download_attachment | profile | status | create_reply","",""
"no_handling","AskVAApi::V0::StaticDataController","modules/ask_va_api/app/controllers/ask_va_api/v0/static_data_controller.rb","announcements | branch_of_service | contents","",""
"no_handling","AskVAApi::V0::ZipStateValidationController","modules/ask_va_api/app/controllers/ask_va_api/v0/zip_state_validation_controller.rb","create","",""
"no_handling","Avs::V0::ApidocsController","modules/avs/app/controllers/avs/v0/apidocs_controller.rb","index","",""
"no_handling","Avs::V0::AvsController","modules/avs/app/controllers/avs/v0/avs_controller.rb","index | show | avs_service | feature_enabled | get_avs_path | render_client_error | serializer | validate_search_param | validate_sid | normalize_icn | icns_match","",""
"no_handling","CheckIn::V0::PatientCheckInsController","modules/check_in/app/controllers/check_in/v0/patient_check_ins_controller.rb","show | create","",""
"no_handling","CheckIn::V0::TravelClaimsController","modules/check_in/app/controllers/check_in/v0/travel_claims_controller.rb","create | permitted_params | authorize","",""
"no_handling","CheckIn::V1::PatientCheckInsController","modules/check_in/app/controllers/check_in/v1/patient_check_ins_controller.rb","show | create","",""
"no_handling","CheckIn::V1::SessionsController","modules/check_in/app/controllers/check_in/v1/sessions_controller.rb","show | create","",""
"no_handling","CheckIn::V2::ApidocsController","modules/check_in/app/controllers/check_in/v2/apidocs_controller.rb","index","",""
"no_handling","CheckIn::V2::DemographicsController","modules/check_in/app/controllers/check_in/v2/demographics_controller.rb","update | permitted_params","",""
"no_handling","CheckIn::V2::PatientCheckInsController","modules/check_in/app/controllers/check_in/v2/patient_check_ins_controller.rb","show | create | permitted_params","",""
"no_handling","CheckIn::V2::PreCheckInsController","modules/check_in/app/controllers/check_in/v2/pre_check_ins_controller.rb","show | create | permitted_params","",""
"no_handling","CheckIn::V2::SessionsController","modules/check_in/app/controllers/check_in/v2/sessions_controller.rb","show | create | permitted_params","",""
"no_handling","ClaimsApi::Docs::V1::ApiController","modules/claims_api/app/controllers/claims_api/docs/v1/api_controller.rb","index","",""
"no_handling","ClaimsApi::Docs::V2::ApiController","modules/claims_api/app/controllers/claims_api/docs/v2/api_controller.rb","index","",""
"no_handling","ClaimsApi::MetadataController","modules/claims_api/app/controllers/claims_api/metadata_controller.rb","index","",""
"no_handling","ClaimsApi::V1::Forms::Base","modules/claims_api/app/controllers/claims_api/v1/forms/base.rb","schema","",""
"no_handling","ClaimsApi::V1::Forms::IntentToFileController","modules/claims_api/app/controllers/claims_api/v1/forms/intent_to_file_controller.rb","submit_form_0966 | active | validate","",""
"no_handling","ClaimsApi::V2::Blueprints::Transformers::LowerCamelTransformer","modules/claims_api/app/controllers/claims_api/v2/blueprints/transformers/lower_camel_transformer.rb","transform","",""
"no_handling","ClaimsApi::V2::VeteranIdentifierController","modules/claims_api/app/controllers/claims_api/v2/veteran_identifier_controller.rb","find","",""
"no_handling","ClaimsApi::V2::Veterans::ClaimsController","modules/claims_api/app/controllers/claims_api/v2/veterans/claims_controller.rb","index | show","",""
"no_handling","ClaimsApi::V2::Veterans::DisabilityCompensationController","modules/claims_api/app/controllers/claims_api/v2/veterans/disability_compensation_controller.rb","validate | generate_pdf | synchronous","",""
"no_handling","ClaimsApi::V2::Veterans::EvidenceWaiverController","modules/claims_api/app/controllers/claims_api/v2/veterans/evidence_waiver_controller.rb","submit","",""
"no_handling","ClaimsApi::V2::Veterans::IntentToFileController","modules/claims_api/app/controllers/claims_api/v2/veterans/intent_to_file_controller.rb","type | submit | validate","",""
"no_handling","ClaimsApi::V2::Veterans::PowerOfAttorney::IndividualController","modules/claims_api/app/controllers/claims_api/v2/veterans/power_of_attorney/individual_controller.rb","submit | validate","",""
"no_handling","ClaimsApi::V2::Veterans::PowerOfAttorney::OrganizationController","modules/claims_api/app/controllers/claims_api/v2/veterans/power_of_attorney/organization_controller.rb","submit | validate","",""
"no_handling","ClaimsApi::CcgTokenValidation","modules/claims_api/app/controllers/concerns/claims_api/ccg_token_validation.rb","validate_ccg_token","",""
"no_handling","ClaimsApi::ClaimsUser","modules/claims_api/app/controllers/concerns/claims_api/claims_user.rb","set_validated_token | authn_context | mhv_icn | first_name_last_name","",""
"no_handling","ClaimsApi::DependentClaimantValidation","modules/claims_api/app/controllers/concerns/claims_api/dependent_claimant_validation.rb","allow_dependent_claimant","",""
"no_handling","ClaimsApi::EndpointDeprecation","modules/claims_api/app/controllers/concerns/claims_api/endpoint_deprecation.rb","add_deprecation_headers_to_response","",""
"no_handling","ClaimsApi::HeaderValidation","modules/claims_api/app/controllers/concerns/claims_api/header_validation.rb","validate_headers","",""
"no_handling","ClaimsApi::MPIVerification","modules/claims_api/app/controllers/concerns/claims_api/mpi_verification.rb","verify_mpi","",""
"no_handling","ClaimsApi::PreJsonValidations","modules/claims_api/app/controllers/concerns/claims_api/pre_json_validations.rb","pre_json_verification_of_email_for_poa | validate_form_email","",""
"no_handling","ClaimsApi::TargetVeteran","modules/claims_api/app/controllers/concerns/claims_api/target_veteran.rb","target_veteran | build_target_veteran | mpi_profile_from | user_is_target_veteran | user_represents_veteran | user_is_representative","",""
"no_handling","ClaimsApi::UserIdentifier","modules/claims_api/app/controllers/concerns/claims_api/user_identifier.rb","set_icn | set_ssn | first_name_last_name","",""
"no_handling","ClaimsApi::V2::ClaimsRequests::ClaimValidation","modules/claims_api/app/controllers/concerns/claims_api/v2/claims_requests/claim_validation.rb","validate_id_with_icn","",""
"no_handling","ClaimsApi::V2::ClaimsRequests::SupportingDocuments","modules/claims_api/app/controllers/concerns/claims_api/v2/claims_requests/supporting_documents.rb","build_supporting_docs | get_file_number | transform_documents | upload_date | bd_upload_date | use_birls_id_file_number | find_by_ssn","",""
"no_handling","ClaimsApi::V2::ClaimsRequests::TrackedItems","modules/claims_api/app/controllers/concerns/claims_api/v2/claims_requests/tracked_items.rb","find_tracked_items | find_tracked_item | build_wwsnfy_items | build_wwd_items | build_wwr_items | build_no_longer_needed_items | map_bgs_tracked_items | build_tracked_item","",""
"no_handling","ClaimsApi::V2::ClaimsRequests::TrackedItemsAssistance","modules/claims_api/app/controllers/concerns/claims_api/v2/claims_requests/tracked_items_assistance.rb","format_bgs_date | date_present | overdue | tracked_item_req_date | accepted | uploads_allowed","",""
"no_handling","ClaimsApi::V2::EvidenceWaiverSubmissionValidation","modules/claims_api/app/controllers/concerns/claims_api/v2/evidence_waiver_submission_validation.rb","validate_form_5103_submission_values","",""
"no_handling","DebtsApi::Concerns::SubmissionValidation::BaseValidator::FormInvalid::<<::FSRValidator::DisputeDebtValidator::<<","modules/debts_api/app/controllers/debts_api/concerns/submission_validation.rb","validate_form_schema | log_and_raise_error | validate_form_schema","",""
"no_handling","DebtsApi::V0::FinancialStatusReportsCalculationsController","modules/debts_api/app/controllers/debts_api/v0/financial_status_reports_calculations_controller.rb","total_assets | monthly_income | monthly_expenses | all_expenses","",""
"no_handling","DebtsApi::V0::OneDebtLettersController","modules/debts_api/app/controllers/debts_api/v0/one_debt_letters_controller.rb","combine_pdf","",""
"no_handling","DhpConnectedDevices::ApidocsController","modules/dhp_connected_devices/app/controllers/dhp_connected_devices/apidocs_controller.rb","index","",""
"no_handling","DhpConnectedDevices::VeteranDeviceRecordsController","modules/dhp_connected_devices/app/controllers/dhp_connected_devices/veteran_device_records_controller.rb","index","",""
"no_handling","FacilitiesApi::V2::ApidocsController","modules/facilities_api/app/controllers/facilities_api/v2/apidocs_controller.rb","index","",""
"no_handling","FacilitiesApi::V2::CcpController","modules/facilities_api/app/controllers/facilities_api/v2/ccp_controller.rb","index | urgent_care | provider | pharmacy | specialties","",""
"no_handling","FacilitiesApi::V2::VAController","modules/facilities_api/app/controllers/facilities_api/v2/va_controller.rb","search | show","",""
"no_handling","IncomeLimits::V1::IncomeLimitsController","modules/income_limits/app/controllers/income_limits/v1/income_limits_controller.rb","index | validate_zip_code","",""
"no_handling","MebApi::V0::ApidocsController","modules/meb_api/app/controllers/meb_api/v0/apidocs_controller.rb","index","",""
"no_handling","Mobile::Concerns::SSOLogging","modules/mobile/app/controllers/mobile/concerns/sso_logging.rb","log_sso_info | sso_logging_info | sso_cookie_content | credential_uuid | sign_in_expiration_time | sign_in_service_session","",""
"no_handling","Mobile::DiscoveryController","modules/mobile/app/controllers/mobile/discovery_controller.rb","welcome","",""
"no_handling","Mobile::V0::AddressesController","modules/mobile/app/controllers/mobile/v0/addresses_controller.rb","create | update | destroy | validate","",""
"no_handling","Mobile::V0::AllergyIntolerancesController","modules/mobile/app/controllers/mobile/v0/allergy_intolerances_controller.rb","index","",""
"no_handling","Mobile::V0::AttachmentsController","modules/mobile/app/controllers/mobile/v0/attachments_controller.rb","show","",""
"no_handling","Mobile::V0::AuthorizedServicesController","modules/mobile/app/controllers/mobile/v0/authorized_services_controller.rb","index","",""
"no_handling","Mobile::V0::AwardsController","modules/mobile/app/controllers/mobile/v0/awards_controller.rb","index","",""
"no_handling","Mobile::V0::CemeteriesController","modules/mobile/app/controllers/mobile/v0/cemeteries_controller.rb","index | client","",""
"no_handling","Mobile::V0::CheckInController","modules/mobile/app/controllers/mobile/v0/check_in_controller.rb","create","",""
"no_handling","Mobile::V0::ClinicsController","modules/mobile/app/controllers/mobile/v0/clinics_controller.rb","index | slots | facility_slots","",""
"no_handling","Mobile::V0::CommunityCareEligibilityController","modules/mobile/app/controllers/mobile/v0/community_care_eligibility_controller.rb","show","",""
"no_handling","Mobile::V0::CommunityCareProvidersController","modules/mobile/app/controllers/mobile/v0/community_care_providers_controller.rb","index","",""
"no_handling","Mobile::V0::ContactInfoController","modules/mobile/app/controllers/mobile/v0/contact_info_controller.rb","show","",""
"no_handling","Mobile::V0::DebtsController","modules/mobile/app/controllers/mobile/v0/debts_controller.rb","index | show","",""
"no_handling","Mobile::V0::DemographicsController","modules/mobile/app/controllers/mobile/v0/demographics_controller.rb","index","",""
"no_handling","Mobile::V0::DependentsRequestDecisionsController","modules/mobile/app/controllers/mobile/v0/dependents_request_decisions_controller.rb","index","",""
"no_handling","Mobile::V0::DisabilityRatingController","modules/mobile/app/controllers/mobile/v0/disability_rating_controller.rb","index","",""
"no_handling","Mobile::V0::EfolderController","modules/mobile/app/controllers/mobile/v0/efolder_controller.rb","index | download","",""
"no_handling","Mobile::V0::EmailsController","modules/mobile/app/controllers/mobile/v0/emails_controller.rb","create | update | destroy","",""
"no_handling","Mobile::V0::EnrollmentStatusController","modules/mobile/app/controllers/mobile/v0/enrollment_status_controller.rb","show","",""
"no_handling","Mobile::V0::FacilitiesInfoController","modules/mobile/app/controllers/mobile/v0/facilities_info_controller.rb","index | schedulable","",""
"no_handling","Mobile::V0::FacilityEligibilityController","modules/mobile/app/controllers/mobile/v0/facility_eligibility_controller.rb","index","",""
"no_handling","Mobile::V0::FoldersController","modules/mobile/app/controllers/mobile/v0/folders_controller.rb","index | show | create | destroy","",""
"no_handling","Mobile::V0::GenderIdentityController","modules/mobile/app/controllers/mobile/v0/gender_identity_controller.rb","edit | update","",""
"no_handling","Mobile::V0::ImmunizationsController","modules/mobile/app/controllers/mobile/v0/immunizations_controller.rb","index","",""
"no_handling","Mobile::V0::LabsAndTestsController","modules/mobile/app/controllers/mobile/v0/labs_and_tests_controller.rb","index","",""
"no_handling","Mobile::V0::LocationsController","modules/mobile/app/controllers/mobile/v0/locations_controller.rb","show","",""
"no_handling","Mobile::V0::MaintenanceWindowsController","modules/mobile/app/controllers/mobile/v0/maintenance_windows_controller.rb","index","",""
"no_handling","Mobile::V0::MessageDraftsController","modules/mobile/app/controllers/mobile/v0/message_drafts_controller.rb","create | update | create_reply_draft | update_reply_draft","",""
"no_handling","Mobile::V0::PaymentHistoryController","modules/mobile/app/controllers/mobile/v0/payment_history_controller.rb","index","",""
"no_handling","Mobile::V0::PensionsController","modules/mobile/app/controllers/mobile/v0/pensions_controller.rb","index","",""
"no_handling","Mobile::V0::PhonesController","modules/mobile/app/controllers/mobile/v0/phones_controller.rb","create | update | destroy","",""
"no_handling","Mobile::V0::PreNeedBurialController","modules/mobile/app/controllers/mobile/v0/pre_need_burial_controller.rb","create","",""
"no_handling","Mobile::V0::PreferredNamesController","modules/mobile/app/controllers/mobile/v0/preferred_names_controller.rb","update","",""
"no_handling","Mobile::V0::PrescriptionsController","modules/mobile/app/controllers/mobile/v0/prescriptions_controller.rb","index | refill | tracking","",""
"no_handling","Mobile::V0::ThreadsController","modules/mobile/app/controllers/mobile/v0/threads_controller.rb","index","",""
"no_handling","Mobile::V0::TranslationsController","modules/mobile/app/controllers/mobile/v0/translations_controller.rb","download","",""
"no_handling","Mobile::V0::UsersController","modules/mobile/app/controllers/mobile/v0/users_controller.rb","show | logged_in | logout","",""
"no_handling","Mobile::V0::VetVerificationStatusesController","modules/mobile/app/controllers/mobile/v0/vet_verification_statuses_controller.rb","show","",""
"no_handling","Mobile::V0::VeteransAffairsEligibilityController","modules/mobile/app/controllers/mobile/v0/veterans_affairs_eligibility_controller.rb","show","",""
"no_handling","Mobile::V1::ImmunizationsController","modules/mobile/app/controllers/mobile/v1/immunizations_controller.rb","index","",""
"no_handling","Mobile::V1::LabsAndTestsController","modules/mobile/app/controllers/mobile/v1/labs_and_tests_controller.rb","index","",""
"no_handling","Mobile::V1::MessagesController","modules/mobile/app/controllers/mobile/v1/messages_controller.rb","thread","",""
"no_handling","Mobile::V1::UsersController","modules/mobile/app/controllers/mobile/v1/users_controller.rb","show","",""
"no_handling","Mobile::V2::UsersController","modules/mobile/app/controllers/mobile/v2/users_controller.rb","show","",""
"no_handling","MyHealth::ApidocsController","modules/my_health/app/controllers/my_health/apidocs_controller.rb","index","",""
"no_handling","MyHealth::V1::AALController","modules/my_health/app/controllers/my_health/v1/aal_controller.rb","create","",""
"no_handling","MyHealth::V1::AllergiesController","modules/my_health/app/controllers/my_health/v1/allergies_controller.rb","index | show","",""
"no_handling","MyHealth::V1::ClinicalNotesController","modules/my_health/app/controllers/my_health/v1/clinical_notes_controller.rb","index | show","",""
"no_handling","MyHealth::V1::ConditionsController","modules/my_health/app/controllers/my_health/v1/conditions_controller.rb","index | show","",""
"no_handling","MyHealth::V1::FoldersController","modules/my_health/app/controllers/my_health/v1/folders_controller.rb","index | show | create | update | destroy | search","",""
"no_handling","MyHealth::V1::HealthRecordContentsController","modules/my_health/app/controllers/my_health/v1/health_record_contents_controller.rb","show","",""
"no_handling","MyHealth::V1::HealthRecordsController","modules/my_health/app/controllers/my_health/v1/health_records_controller.rb","refresh | eligible_data_classes | create | optin | optout | status | product","",""
"no_handling","MyHealth::V1::LabsAndTestsController","modules/my_health/app/controllers/my_health/v1/labs_and_tests_controller.rb","index | show","",""
"no_handling","MyHealth::V1::MedicalRecords::BbmiNotificationController","modules/my_health/app/controllers/my_health/v1/medical_records/bbmi_notification_controller.rb","status","",""
"no_handling","MyHealth::V1::MedicalRecords::ImagingController","modules/my_health/app/controllers/my_health/v1/medical_records/imaging_controller.rb","index | request_download | request_status | images | image | dicom","",""
"no_handling","MyHealth::V1::MedicalRecords::MRSessionController","modules/my_health/app/controllers/my_health/v1/medical_records/mr_session_controller.rb","create | status","",""
"no_handling","MyHealth::V1::MedicalRecords::PatientController","modules/my_health/app/controllers/my_health/v1/medical_records/patient_controller.rb","index | demographic","",""
"no_handling","MyHealth::V1::MedicalRecords::RadiologyController","modules/my_health/app/controllers/my_health/v1/medical_records/radiology_controller.rb","index","",""
"no_handling","MyHealth::V1::MedicalRecords::SelfEnteredController","modules/my_health/app/controllers/my_health/v1/medical_records/self_entered_controller.rb","index | vitals | allergies | family_history | vaccines | test_entries | medical_events | military_history | providers | health_insurance | treatment_facilities | food_journal | activity_journal | medications | emergency_contacts","",""
"no_handling","MyHealth::V1::MessageDraftsController","modules/my_health/app/controllers/my_health/v1/message_drafts_controller.rb","create | update | create_reply_draft | update_reply_draft","",""
"no_handling","MyHealth::V1::MessagesController","modules/my_health/app/controllers/my_health/v1/messages_controller.rb","show | create | destroy | thread | reply | categories | signature | move","",""
"no_handling","MyHealth::V1::MessagingPreferencesController","modules/my_health/app/controllers/my_health/v1/messaging_preferences_controller.rb","show | update | update_triage_team_preferences | signature | update_signature","",""
"no_handling","MyHealth::V1::PrescriptionDocumentationController","modules/my_health/app/controllers/my_health/v1/prescription_documentation_controller.rb","index","",""
"no_handling","MyHealth::V1::PrescriptionPreferencesController","modules/my_health/app/controllers/my_health/v1/prescription_preferences_controller.rb","show | update","",""
"no_handling","MyHealth::V1::TrackingsController","modules/my_health/app/controllers/my_health/v1/trackings_controller.rb","index","",""
"no_handling","MyHealth::V1::UniqueUserMetricsController","modules/my_health/app/controllers/my_health/v1/unique_user_metrics_controller.rb","create","",""
"no_handling","MyHealth::V1::VaccinesController","modules/my_health/app/controllers/my_health/v1/vaccines_controller.rb","index | show","",""
"no_handling","MyHealth::V1::VitalsController","modules/my_health/app/controllers/my_health/v1/vitals_controller.rb","index","",""
"no_handling","MyHealth::V2::LabsAndTestsController","modules/my_health/app/controllers/my_health/v2/labs_and_tests_controller.rb","index","",""
"no_handling","RepresentationManagement::V0::AccreditedEntitiesForAppointController","modules/representation_management/app/controllers/representation_management/v0/accredited_entities_for_appoint_controller.rb","index","",""
"no_handling","RepresentationManagement::V0::AccreditedIndividualsController","modules/representation_management/app/controllers/representation_management/v0/accredited_individuals_controller.rb","index","",""
"no_handling","RepresentationManagement::V0::ApidocsController","modules/representation_management/app/controllers/representation_management/v0/apidocs_controller.rb","index","",""
"no_handling","RepresentationManagement::V0::NextStepsEmailController","modules/representation_management/app/controllers/representation_management/v0/next_steps_email_controller.rb","create","",""
"no_handling","RepresentationManagement::V0::OriginalEntitiesController","modules/representation_management/app/controllers/representation_management/v0/original_entities_controller.rb","index","",""
"no_handling","RepresentationManagement::V0::PdfGenerator2122Controller","modules/representation_management/app/controllers/representation_management/v0/pdf_generator_2122_controller.rb","create","",""
"no_handling","RepresentationManagement::V0::PdfGenerator2122aController","modules/representation_management/app/controllers/representation_management/v0/pdf_generator_2122a_controller.rb","create","",""
"no_handling","RepresentationManagement::V0::PowerOfAttorneyController","modules/representation_management/app/controllers/representation_management/v0/power_of_attorney_controller.rb","index","",""
"no_handling","RepresentationManagement::V0::PowerOfAttorneyRequestsController","modules/representation_management/app/controllers/representation_management/v0/power_of_attorney_requests_controller.rb","create","",""
"no_handling","SOB::V0::Ch33StatusesController","modules/sob/app/controllers/sob/v0/ch33_statuses_controller.rb","show","",""
"no_handling","AppointmentHelper","modules/travel_pay/app/controllers/concerns/appointment_helper.rb","find_or_create_appt_id","",""
"no_handling","ClaimHelper","modules/travel_pay/app/controllers/concerns/claim_helper.rb","create_claim","",""
"no_handling","FeatureFlagHelper","modules/travel_pay/app/controllers/concerns/feature_flag_helper.rb","verify_feature_flag","",""
"no_handling","IdValidation","modules/travel_pay/app/controllers/concerns/id_validation.rb","validate_uuid_exists","",""
"no_handling","VANotify::CallbacksController","modules/va_notify/app/controllers/va_notify/callbacks_controller.rb","create","",""
"no_handling","VAOS::V2::ApidocsController","modules/vaos/app/controllers/vaos/v2/apidocs_controller.rb","index","",""
"no_handling","VAOS::V2::CCEligibilityController","modules/vaos/app/controllers/vaos/v2/cc_eligibility_controller.rb","show","",""
"no_handling","VAOS::V2::ClinicsController","modules/vaos/app/controllers/vaos/v2/clinics_controller.rb","index | last_visited_clinic","",""
"no_handling","VAOS::V2::EpsAppointmentsController","modules/vaos/app/controllers/vaos/v2/eps_appointments_controller.rb","show","",""
"no_handling","VAOS::V2::FacilitiesController","modules/vaos/app/controllers/vaos/v2/facilities_controller.rb","index | show","",""
"no_handling","VAOS::V2::PatientsController","modules/vaos/app/controllers/vaos/v2/patients_controller.rb","index","",""
"no_handling","VAOS::V2::ProvidersController","modules/vaos/app/controllers/vaos/v2/providers_controller.rb","show","",""
"no_handling","VAOS::V2::ReferralsController","modules/vaos/app/controllers/vaos/v2/referrals_controller.rb","index | show","",""
"no_handling","VAOS::V2::RelationshipsController","modules/vaos/app/controllers/vaos/v2/relationships_controller.rb","index","",""
"no_handling","VAOS::V2::SchedulingController","modules/vaos/app/controllers/vaos/v2/scheduling_controller.rb","configurations","",""
"no_handling","VAOS::V2::SlotsController","modules/vaos/app/controllers/vaos/v2/slots_controller.rb","index | facility_slots","",""
"no_handling","VBADocuments::Docs::V1::ApiController","modules/vba_documents/app/controllers/vba_documents/docs/v1/api_controller.rb","index","",""
"no_handling","VBADocuments::Internal::V1::UploadCompleteController","modules/vba_documents/app/controllers/vba_documents/internal/v1/upload_complete_controller.rb","create","",""
"no_handling","VBADocuments::V1::ReportsController","modules/vba_documents/app/controllers/vba_documents/v1/reports_controller.rb","create","",""
"no_handling","Veteran::V0::ApidocsController","modules/veteran/app/controllers/veteran/v0/apidocs_controller.rb","index","",""
"no_handling","Veteran::V0::RepresentativesController","modules/veteran/app/controllers/veteran/v0/representatives_controller.rb","find_rep","",""
"no_handling","VRE::V0::Ch31CaseDetailsController","modules/vre/app/controllers/vre/v0/ch31_case_details_controller.rb","show","",""
"no_handling","VRE::V0::Ch31EligibilityStatusesController","modules/vre/app/controllers/vre/v0/ch31_eligibility_statuses_controller.rb","show","",""
"no_handling","VRE::V0::ClaimsController","modules/vre/app/controllers/vre/v0/claims_controller.rb","create","",""
"no_handling","Vye::V1::DgibVerificationsController","modules/vye/app/controllers/vye/v1/dgib_verifications_controller.rb","verification_record | verify_claimant | claimant_status | claimant_lookup","",""
"rescue_swallows","EmailVerificationErrorHandler","app/controllers/concerns/email_verification_error_handler.rb","handle_verification_errors | log_verification_success","Common::Exceptions::BackendServiceException => e ;; Common::Exceptions::TooManyRequests => e ;; => e ;; => e ;; StandardError (implicit)",""
"rescue_swallows","EmailVerificationRateLimited","app/controllers/concerns/email_verification_rate_limited.rb","enforce_email_verification_rate_limit | email_verification_rate_limit_exceeded | increment_email_verification_rate_limit | reset_email_verification_rate_limit | get_email_verification_rate_limit_info","Redis::BaseConnectionError => e ;; Redis::BaseConnectionError => e ;; Redis::BaseConnectionError => e",""
"rescue_swallows","SignIn::SSOAuthorizable","app/controllers/concerns/sign_in/sso_authorizable.rb","authorize_sso","Errors::MalformedParamsError => e ;; => e ;; => e",""
"rescue_swallows","Traceable","app/controllers/concerns/traceable.rb","service_tag | set_trace_tags | tag_with_controller_name","=> e",""
"rescue_swallows","SignIn::Webhooks::LogingovController","app/controllers/sign_in/webhooks/logingov_controller.rb","risc","SignIn::Errors::LogingovRiscEventHandlerError => e ;; => e",""
"rescue_swallows","V0::BenefitsClaimsController","app/controllers/v0/benefits_claims_controller.rb","index | show | submit5103 | failed_upload_evidence_submissions","JSON::ParserError | TypeError ;; => e ;; => e ;; => e ;; => e ;; => e ;; => e ;; => e",""
"rescue_swallows","V0::CoeController","app/controllers/v0/coe_controller.rb","status | download_coe | submit_coe_claim | documents | document_upload | post_document | document_download","Common::Client::Errors::ClientError => e",""
"rescue_swallows","V0::DisabilityCompensationInProgressFormsController","app/controllers/v0/disability_compensation_in_progress_forms_controller.rb","show | update","StandardError (implicit) ;; => e",""
"rescue_swallows","V0::OpenApiController","app/controllers/v0/open_api_controller.rb","index","JSON::ParserError => e",""
"rescue_swallows","V0::Profile::EmailVerificationController","app/controllers/v0/profile/email_verification_controller.rb","status | create | verify","=> e",""
"rescue_swallows","V0::Profile::ServiceHistoriesController","app/controllers/v0/profile/service_histories_controller.rb","show","=> e",""
"rescue_swallows","V0::TermsOfUseAgreementsController","app/controllers/v0/terms_of_use_agreements_controller.rb","latest | accept | accept_and_provision | decline | update_provisioning","TermsOfUse::Errors::AcceptorError => e ;; TermsOfUse::Errors::AcceptorError | Identity::Errors::CernerProvisionerError => e ;; TermsOfUse::Errors::DeclinerError => e ;; Identity::Errors::CernerProvisionerError => e",""
"rescue_swallows","V1::SessionsController","app/controllers/v1/sessions_controller.rb","new | ssoe_slo_callback | saml_callback | metadata","SAML::SAMLError => e ;; => e ;; StandardError (implicit)",""
"rescue_swallows","AccreditedRepresentativePortal::V0::PowerOfAttorneyRequestsController","modules/accredited_representative_portal/app/controllers/accredited_representative_portal/v0/power_of_attorney_requests_controller.rb","index | show","=> e",""
"rescue_swallows","AppealsApi::MetadataController","modules/appeals_api/app/controllers/appeals_api/metadata_controller.rb","decision_reviews | appeals_status | healthcheck | healthcheck_s3 | s3_is_healthy | mail_status_upstream_healthcheck | appeals_status_upstream_healthcheck | decision_reviews_upstream_healthcheck","StandardError (implicit) ;; => e ;; => e ;; => e ;; StandardError (implicit)",""
"rescue_swallows","AppealsApi::V2::DecisionReviews::SupplementalClaimsController","modules/appeals_api/app/controllers/appeals_api/v2/decision_reviews/supplemental_claims_controller.rb","index | show | create | validate | schema | download","ActiveRecord::RecordNotFound ;; ActiveRecord::RecordNotFound",""
"rescue_swallows","AppealsApi::JsonFormatValidation","modules/appeals_api/app/controllers/concerns/appeals_api/json_format_validation.rb","validate_json_format | render_body_is_not_a_hash_error | validate_json_body","JSON::ParserError",""
"rescue_swallows","AskVAApi::V0::HealthFacilitiesController","modules/ask_va_api/app/controllers/ask_va_api/v0/health_facilities_controller.rb","search | show","=> e",""
"rescue_swallows","BioHeartApi::V1::UploadsController","modules/bio_heart/app/controllers/bio_heart_api/v1/uploads_controller.rb","submit","=> e ;; JSON::ParserError",""
"rescue_swallows","CheckIn::V1::TravelClaimsController","modules/check_in/app/controllers/check_in/v1/travel_claims_controller.rb","create | permitted_params","ActionController::ParameterMissing => e ;; TravelClaim::Errors::InvalidArgument => e ;; Common::Exceptions::BackendServiceException => e",""
"rescue_swallows","ClaimsApi::V1::Forms::PowerOfAttorneyController","modules/claims_api/app/controllers/claims_api/v1/forms/power_of_attorney_controller.rb","submit_form_2122 | upload | status | active | validate","=> e",""
"rescue_swallows","ClaimsApi::DocumentValidations","modules/claims_api/app/controllers/concerns/claims_api/document_validations.rb","validate_documents_content_type | validate_documents_page_size | validate_document_provided | valid_page_size | document_page_size_errors | document_content_type_errors | pdf | json_api_validation_error | json_api_page_size_error | json_api_content_type_error","StandardError (implicit)",""
"rescue_swallows","ClaimsApi::JsonFormatValidation","modules/claims_api/app/controllers/concerns/claims_api/json_format_validation.rb","validate_json_format | render_body_is_not_a_hash_error","JSON::ParserError",""
"rescue_swallows","ClaimsApi::V2::AltRevisedDisabilityCompensationValidation","modules/claims_api/app/controllers/concerns/claims_api/v2/alt_revised_disability_compensation_validation.rb","alt_rev_validate_form_526_submission_values","StandardError (implicit)",""
"rescue_swallows","ClaimsApi::V2::DisabilityCompensationValidation","modules/claims_api/app/controllers/concerns/claims_api/v2/disability_compensation_validation.rb","validate_form_526_submission_values","StandardError (implicit)",""
"rescue_swallows","ClaimsApi::V2::JsonFormatValidation","modules/claims_api/app/controllers/concerns/claims_api/v2/json_format_validation.rb","validate_json_format | render_body_is_not_a_hash_error | get_error_message | error_message_source","JSON::ParserError ;; Oj::ParseError => e",""
"rescue_swallows","ClaimsApi::V2::PowerOfAttorneyValidation","modules/claims_api/app/controllers/concerns/claims_api/v2/power_of_attorney_validation.rb","validate_form_2122_and_2122a_submission_values","::Common::Exceptions::UnprocessableEntity ;; ::Common::Exceptions::UnprocessableEntity",""
"rescue_swallows","ClaimsApi::V2::RevisedDisabilityCompensationValidation","modules/claims_api/app/controllers/concerns/claims_api/v2/revised_disability_compensation_validation.rb","validate_form_526_fes_values","ArgumentError ;; StandardError (implicit)",""
"rescue_swallows","DhpConnectedDevices::Fitbit::FitbitController","modules/dhp_connected_devices/app/controllers/dhp_connected_devices/fitbit/fitbit_controller.rb","connect | callback | disconnect","=> e ;; => e",""
"rescue_swallows","Mobile::V0::ClaimsAndAppealsController","modules/mobile/app/controllers/mobile/v0/claims_and_appeals_controller.rb","index | get_claim | get_appeal | request_decision | upload_document | upload_multi_image_document","=> e",""
"rescue_swallows","Mobile::V0::DecisionLettersController","modules/mobile/app/controllers/mobile/v0/decision_letters_controller.rb","index | download","Common::Exceptions::ExternalServerInternalServerError => e ;; Common::Exceptions::ExternalServerInternalServerError => e",""
"rescue_swallows","Mobile::V0::FeatureTogglesController","modules/mobile/app/controllers/mobile/v0/feature_toggles_controller.rb","index","StandardError (implicit)",""
"rescue_swallows","Mobile::V0::MilitaryInformationController","modules/mobile/app/controllers/mobile/v0/military_information_controller.rb","get_service_history","StandardError (implicit)",""
"rescue_swallows","Mobile::V0::ObservationsController","modules/mobile/app/controllers/mobile/v0/observations_controller.rb","show","=> e",""
"rescue_swallows","Mobile::V0::RecipientsController","modules/mobile/app/controllers/mobile/v0/recipients_controller.rb","recipients | all_recipients","=> e",""
"rescue_swallows","MyHealth::V1::AttachmentsController","modules/my_health/app/controllers/my_health/v1/attachments_controller.rb","show","=> e",""
"rescue_swallows","MyHealth::V1::PrescriptionsController","modules/my_health/app/controllers/my_health/v1/prescriptions_controller.rb","index | show | refill | filter_renewals | refill_prescriptions | list_refillable_prescriptions | get_prescription_image","=> e ;; => e",""
"rescue_swallows","MyHealth::V1::ThreadsController","modules/my_health/app/controllers/my_health/v1/threads_controller.rb","index | move","=> e",""
"rescue_swallows","MyHealth::V2::AllergiesController","modules/my_health/app/controllers/my_health/v2/allergies_controller.rb","index | show","Common::Client::Errors::ClientError ;; Common::Client::Errors::ClientError",""
"rescue_swallows","MyHealth::V2::CcdController","modules/my_health/app/controllers/my_health/v2/ccd_controller.rb","download","ArgumentError => e ;; Common::Client::Errors::ClientError",""
"rescue_swallows","MyHealth::V2::ClinicalNotesController","modules/my_health/app/controllers/my_health/v2/clinical_notes_controller.rb","index | show","ArgumentError => e ;; Common::Client::Errors::ClientError ;; Common::Client::Errors::ClientError",""
"rescue_swallows","MyHealth::V2::ConditionsController","modules/my_health/app/controllers/my_health/v2/conditions_controller.rb","index | show","Common::Client::Errors::ClientError ;; Common::Client::Errors::ClientError",""
"rescue_swallows","MyHealth::V2::ImagingController","modules/my_health/app/controllers/my_health/v2/imaging_controller.rb","index | thumbnails | dicom","Common::Client::Errors::ClientError ;; Common::Client::Errors::ClientError ;; Common::Client::Errors::ClientError",""
"rescue_swallows","MyHealth::V2::ImmunizationsController","modules/my_health/app/controllers/my_health/v2/immunizations_controller.rb","index | show","Common::Client::Errors::ClientError ;; Common::Client::Errors::ClientError",""
"rescue_swallows","MyHealth::V2::VitalsController","modules/my_health/app/controllers/my_health/v2/vitals_controller.rb","index","Common::Client::Errors::ClientError",""
"rescue_swallows","Vass::JwtAuthentication","modules/vass/app/controllers/concerns/vass/jwt_authentication.rb","authenticate_jwt | audit_metadata","JWT::ExpiredSignature ;; JWT::DecodeError => e ;; JWT::DecodeError => e",""
"rescue_swallows","VBADocuments::MetadataController","modules/vba_documents/app/controllers/vba_documents/metadata_controller.rb","index | benefits_intake_v1 | healthcheck | s3_is_healthy | upstream_healthcheck","StandardError (implicit)",""
"partial_handling","FailedRequestLoggable","app/controllers/concerns/failed_request_loggable.rb","exception_hash","StandardError (implicit) ;; StandardError (implicit) ;; StandardError (implicit) ;; => e",""
"partial_handling","SignIn::AudienceValidator","app/controllers/concerns/sign_in/audience_validator.rb","validates_access_token_audience","Errors::InvalidAudienceError => e ;; Errors::AccessTokenExpiredError => e ;; Errors::StandardError => e",""
"partial_handling","V0::CaregiversAssistanceClaimsController","app/controllers/v0/caregivers_assistance_claims_controller.rb","create | download_pdf | facilities","=> e ;; => e ;; => e","::Form1010cg::Service::InvalidVeteranStatus"
"partial_handling","V0::Chatbot::ClaimStatusController::ServiceException","app/controllers/v0/chatbot/claim_status_controller.rb","index | show","Common::Exceptions::ResourceNotFound => e ;; Faraday::ClientError => e ;; => e ;; => e","'EVSS::ErrorMiddleware::EVSSError'"
"partial_handling","V0::ClaimDocumentsController","app/controllers/v0/claim_documents_controller.rb","create","*INPUT_ERRORS => e ;; => e ;; PdfForms::PdftkError => e ;; BenefitsIntake::Service::InvalidDocumentError => e ;; PdfForms::PdftkError",""
"partial_handling","V0::DependentsApplicationsController","app/controllers/v0/dependents_applications_controller.rb","show | create","=> e ;; => e ;; => e ;; StandardError (implicit)",""
"partial_handling","V0::DisabilityCompensationFormsController","app/controllers/v0/disability_compensation_forms_controller.rb","rated_disabilities | separation_locations | suggested_conditions | add_0781_metadata | submit_all_claim | submission_status | rating_info","PG::NotNullViolation => e ;; => e",""
"partial_handling","V0::Form1095BsController","app/controllers/v0/form1095_bs_controller.rb","available_forms | download_pdf | download_txt","Common::Exceptions::ResourceNotFound ;; ArgumentError | TypeError",""
"partial_handling","V0::Form210779Controller","app/controllers/v0/form210779_controller.rb","create | download_pdf","JSON::ParserError => e ;; => e ;; ActiveRecord::RecordNotFound ;; => e",""
"partial_handling","V0::Form212680Controller","app/controllers/v0/form212680_controller.rb","create | download_pdf","JSON::ParserError => e ;; => e ;; ActiveRecord::RecordNotFound ;; => e",""
"partial_handling","V0::Form214192Controller","app/controllers/v0/form214192_controller.rb","create | download_pdf","=> e ;; => e",""
"partial_handling","V0::Form21p530aController","app/controllers/v0/form21p530a_controller.rb","create | download_pdf","Common::Exceptions::ValidationErrors => e ;; => e ;; Common::Exceptions::ValidationErrors ;; => e ;; IsoCountryCodes::UnknownCodeError",""
"partial_handling","V0::MultiPartyForms::PrimaryController","app/controllers/v0/multi_party_forms/primary_controller.rb","show | create | complete","ActiveRecord::RecordNotFound ;; => e ;; => e ;; AASM::InvalidTransition => e ;; ActiveRecord::RecordInvalid => e ;; ActiveRecord::RecordNotFound ;; => e",""
"partial_handling","V0::MultiPartyForms::SecondaryController","app/controllers/v0/multi_party_forms/secondary_controller.rb","show | start","ActiveRecord::RecordNotFound ;; Common::Exceptions::BaseError ;; => e ;; AASM::InvalidTransition => e ;; ActiveRecord::RecordInvalid => e ;; ActiveRecord::RecordNotFound ;; Common::Exceptions::BaseError ;; => e ;; JSON::ParserError => e",""
"partial_handling","V0::OnsiteNotificationsController","app/controllers/v0/onsite_notifications_controller.rb","index | create | update","JWT::DecodeError ;; WillPaginate::InvalidPage",""
"partial_handling","V0::Profile::ConnectedApplicationsController","app/controllers/v0/profile/connected_applications_controller.rb","index | destroy | apps_from_grants","StandardError (implicit) ;; StandardError (implicit)",""
"partial_handling","V0::SignInController","app/controllers/v0/sign_in_controller.rb","authorize | callback | token | refresh | revoke | revoke_all_sessions | logout | logingov_logout_proxy","=> e ;; => e ;; SignIn::Errors::StandardError => e ;; SignIn::Errors::MalformedParamsError => e ;; SignIn::Errors::StandardError => e ;; SignIn::Errors::MalformedParamsError => e ;; SignIn::Errors::StandardError => e ;; SignIn::Errors::StandardError => e ;; SignIn::Errors::LogoutAuthorizationError ;; => e ;; => e",""
"partial_handling","V1::Post911GIBillStatusesController","app/controllers/v1/post911_gi_bill_statuses_controller.rb","show","Breakers::OutageException => e ;; => e",""
"partial_handling","AccreditedRepresentativePortal::V0::Form21aController::SchemaValidationError","modules/accredited_representative_portal/app/controllers/accredited_representative_portal/v0/form21a_controller.rb","background_detail_upload | submit","Common::Exceptions::UnprocessableEntity => e ;; ActiveRecord::RecordInvalid => e ;; Faraday::TimeoutError | Faraday::ConnectionFailed => e ;; => e ;; JSON::ParserError ;; SchemaValidationError => e",""
"partial_handling","AccreditedRepresentativePortal::V0::IntentToFileController","modules/accredited_representative_portal/app/controllers/accredited_representative_portal/v0/intent_to_file_controller.rb","show | create","ArgumentError => e ;; => e ;; Common::Exceptions::RecordNotFound => e ;; Common::Exceptions::RecordNotFound => e ;; StandardError (implicit)",""
"partial_handling","AccreditedRepresentativePortal::V0::RepresentativeFormUploadController","modules/accredited_representative_portal/app/controllers/accredited_representative_portal/v0/representative_form_upload_controller.rb","submit | upload_scanned_form | upload_supporting_documents","service::RecordInvalidError => e ;; service::WrongAttachmentsError => e ;; service::TooManyRequestsError ;; service::UnknownError => e ;; => e ;; service::RecordInvalidError => e ;; service::UpstreamInvalidError => e ;; service::UnknownError => e ;; AccreditedRepresentativePortal::ClaimantRepresentative::Finder::Error",""
"partial_handling","AppealsApi::HigherLevelReviews::V0::HigherLevelReviewsController","modules/appeals_api/app/controllers/appeals_api/higher_level_reviews/v0/higher_level_reviews_controller.rb","schema | index | show | validate | create | download","ActiveRecord::RecordNotFound ;; ActiveRecord::RecordNotFound ;; JsonSchema::JsonApiMissingAttribute => e",""
"partial_handling","AppealsApi::NoticeOfDisagreements::V0::NoticeOfDisagreementsController","modules/appeals_api/app/controllers/appeals_api/notice_of_disagreements/v0/notice_of_disagreements_controller.rb","show | create | download | validate | schema","ActiveRecord::RecordNotFound ;; ActiveRecord::RecordNotFound ;; Common::Exceptions::DetailedSchemaErrors => e",""
"partial_handling","AppealsApi::SupplementalClaims::V0::SupplementalClaimsController","modules/appeals_api/app/controllers/appeals_api/supplemental_claims/v0/supplemental_claims_controller.rb","index | schema | show | validate | create | download","ActiveRecord::RecordNotFound ;; ActiveRecord::RecordNotFound ;; Common::Exceptions::DetailedSchemaErrors => e",""
"partial_handling","AppealsApi::V1::DecisionReviews::NoticeOfDisagreementsController","modules/appeals_api/app/controllers/appeals_api/v1/decision_reviews/notice_of_disagreements_controller.rb","show | create | validate | schema","Common::Exceptions::DetailedSchemaErrors => e ;; ActiveRecord::RecordNotFound",""
"partial_handling","AppealsApi::V2::DecisionReviews::HigherLevelReviewsController","modules/appeals_api/app/controllers/appeals_api/v2/decision_reviews/higher_level_reviews_controller.rb","index | show | create | validate | schema | download","ActiveRecord::RecordNotFound ;; JsonSchema::JsonApiMissingAttribute => e ;; ActiveRecord::RecordNotFound",""
"partial_handling","AppealsApi::V2::DecisionReviews::NoticeOfDisagreementsController","modules/appeals_api/app/controllers/appeals_api/v2/decision_reviews/notice_of_disagreements_controller.rb","index | show | create | download | validate | schema","ActiveRecord::RecordNotFound ;; Common::Exceptions::DetailedSchemaErrors => e ;; ActiveRecord::RecordNotFound",""
"partial_handling","ClaimsApi::V2::Veterans::PowerOfAttorney::RequestController","modules/claims_api/app/controllers/claims_api/v2/veterans/power_of_attorney/request_controller.rb","index | show | decide | create","=> e ;; JsonSchema::JsonApiMissingAttribute",""
"partial_handling","DecisionReviews::V1::HigherLevelReviews::ContestableIssuesController","modules/decision_reviews/app/controllers/decision_reviews/v1/higher_level_reviews/contestable_issues_controller.rb","index","=> e ;; => e",""
"partial_handling","DecisionReviews::V1::NoticeOfDisagreementsController","modules/decision_reviews/app/controllers/decision_reviews/v1/notice_of_disagreements_controller.rb","show | create","=> e ;; => e ;; StandardError (implicit)",""
"partial_handling","DecisionReviews::V1::SupplementalClaims::ContestableIssuesController","modules/decision_reviews/app/controllers/decision_reviews/v1/supplemental_claims/contestable_issues_controller.rb","index","=> e ;; => e",""
"partial_handling","DecisionReviews::V1::SupplementalClaimsController","modules/decision_reviews/app/controllers/decision_reviews/v1/supplemental_claims_controller.rb","show | create","=> e ;; => e ;; StandardError (implicit)",""
"partial_handling","DecisionReviews::V2::HigherLevelReviewsController","modules/decision_reviews/app/controllers/decision_reviews/v2/higher_level_reviews_controller.rb","show | create","=> e ;; => e ;; StandardError (implicit)",""
"partial_handling","DependentsBenefits::V0::ClaimsController","modules/dependents_benefits/app/controllers/dependents_benefits/v0/claims_controller.rb","show | create","=> e ;; => e ;; => e",""
"partial_handling","DependentsVerification::V0::ClaimsController","modules/dependents_verification/app/controllers/dependents_verification/v0/claims_controller.rb","short_name | claim_class | show | create","ActiveRecord::RecordNotFound => e ;; => e ;; => e ;; => e",""
"partial_handling","IvcChampva::V1::UploadsController","modules/ivc_champva/app/controllers/ivc_champva/v1/uploads_controller.rb","submit | validate_mpi_profiles | submit_champva_app_merged | handle_file_uploads_wrapper | submit_to_ves | should_generate_ves_json | generate_ves_json_file | prepare_ves_request | submit_ves_request | submit_ves_request_with_subforms | submit_ves_form | send_to_ves_by_form_type | update_ves_records | call_handle_file_uploads | call_upload_form | unlock_file | unlock_with_pdftk | unlock_with_hexapdf | submit_supporting_documents | launch_background_job | launch_ocr_job | launch_llm_job | call_llm_service | tempfile_from_attachment","=> e ;; => e ;; => e ;; => e ;; => e ;; => e ;; => e ;; => e ;; PdfForms::PdftkError => e ;; Common::Exceptions::UnprocessableEntity => e ;; Errno::ENOENT ;; => e ;; => e ;; => e ;; => e ;; => e ;; => e ;; => e ;; Common::Exceptions::Unauthorized",""
"partial_handling","MebApi::V0::EducationBenefitsController","modules/meb_api/app/controllers/meb_api/v0/education_benefits_controller.rb","claimant_info | eligibility | claim_status | claim_letter | submit_claim | enrollment | send_confirmation_email | submit_enrollment_verification | duplicate_contact_info | exclusion_periods","=> e ;; => e",""
"partial_handling","MebApi::V0::FormsController","modules/meb_api/app/controllers/meb_api/v0/forms_controller.rb","claim_letter | claim_status | claimant_info | sponsors | submit_claim | send_confirmation_email","=> e ;; => e",""
"partial_handling","Mobile::V0::LettersController","modules/mobile/app/controllers/mobile/v0/letters_controller.rb","index | beneficiary | download","=> e ;; => e ;; ArgumentError",""
"partial_handling","MyHealth::V1::TooltipsController","modules/my_health/app/controllers/my_health/v1/tooltips_controller.rb","index | create | update","ActiveRecord::RecordInvalid => e ;; => e ;; ActiveRecord::RecordNotFound => e ;; ActiveRecord::RecordInvalid => e ;; => e",""
"partial_handling","MyHealth::V2::Prescriptions::DrugSheetsController","modules/my_health/app/controllers/my_health/v2/prescriptions/drug_sheets_controller.rb","search","Common::Exceptions::BackendServiceException => e ;; Common::Exceptions::Forbidden ;; => e",""
"partial_handling","SimpleFormsApi::V1::ScannedFormUploadsController","modules/simple_forms_api/app/controllers/simple_forms_api/v1/scanned_form_uploads_controller.rb","submit | upload_scanned_form | upload_supporting_documents","SimpleFormsApi::ScannedFormUploadService::UploadError => e ;; SimpleFormsApi::ScannedFormProcessor::ConversionError ;; SimpleFormsApi::ScannedFormProcessor::ConversionError ;; SimpleFormsApi::ScannedFormProcessor::PersistenceError => e ;; StandardError (implicit)",""
"partial_handling","SimpleFormsApi::V1::UploadsController","modules/simple_forms_api/app/controllers/simple_forms_api/v1/uploads_controller.rb","submit | submit_supporting_documents | get_intents_to_file","Prawn::Errors::IncompatibleStringEncoding ;; => e ;; BenefitsIntakeService::Service::InvalidDocumentError => e ;; Common::Exceptions::UnprocessableEntity | Exceptions::BenefitsClaimsApiDownError => e ;; SimpleFormsApi::FormRemediation::Error => e ;; => e ;; => e",""
"partial_handling","TravelPay::V0::ClaimsController","modules/travel_pay/app/controllers/travel_pay/v0/claims_controller.rb","index | show | create","Faraday::ResourceNotFound => e ;; Faraday::Error => e ;; Faraday::ResourceNotFound => e ;; Faraday::Error => e ;; ArgumentError => e ;; ArgumentError => e ;; Faraday::Error => e",""
"partial_handling","TravelPay::V0::ComplexClaimsController","modules/travel_pay/app/controllers/travel_pay/v0/complex_claims_controller.rb","submit | create","Faraday::ClientError => e ;; Faraday::ServerError => e ;; Faraday::Error => e ;; Common::Exceptions::ResourceNotFound => e ;; Faraday::Error => e ;; ArgumentError","Common::Exceptions::BadRequest"
"partial_handling","TravelPay::V0::DocumentsController","modules/travel_pay/app/controllers/travel_pay/v0/documents_controller.rb","show | create | destroy","Faraday::ResourceNotFound => e ;; Faraday::Error => e ;; Common::Exceptions::BackendServiceException => e ;; Faraday::ResourceNotFound => e ;; Faraday::Error => e ;; Faraday::ResourceNotFound => e ;; Faraday::ClientError => e ;; Faraday::ServerError => e","Common::Exceptions::BadRequest"
"partial_handling","TravelPay::V0::ExpensesController","modules/travel_pay/app/controllers/travel_pay/v0/expenses_controller.rb","show | create | update | destroy","ArgumentError => e ;; Faraday::Error => e ;; ArgumentError => e ;; Faraday::Error => e ;; ArgumentError => e ;; Faraday::ClientError | Faraday::ServerError => e ;; Common::Exceptions::BackendServiceException => e ;; ArgumentError => e ;; Faraday::ClientError | Faraday::ServerError => e ;; Common::Exceptions::BackendServiceException => e",""
"partial_handling","VAOS::V2::AppointmentsController","modules/vaos/app/controllers/vaos/v2/appointments_controller.rb","index | show | create | create_draft | update | submit_referral_appointment | get_avs_binaries","Redis::BaseError => e ;; => e ;; StandardError (implicit) ;; => e ;; ArgumentError ;; ArgumentError ;; Redis::BaseError",""
"partial_handling","Vass::V0::SessionsController","modules/vass/app/controllers/vass/v0/sessions_controller.rb","request_otp | authenticate_otp | revoke_token","Vass::Errors::RateLimitError => e ;; Vass::Errors::IdentityValidationError => e ;; Vass::Errors::MissingContactInfoError => e ;; *vass_api_exceptions => e ;; VANotify::Error => e ;; Vass::Errors::RateLimitError => e ;; Vass::Errors::AuthenticationError => e ;; *vass_api_exceptions => e ;; Vass::Errors::RedisError | Vass::Errors::AuditLogError => e ;; Vass::Errors::RedisError => e","ActionController::ParameterMissing"
"framework_only","AppealsApi::NoticeOfDisagreements::V0::NoticeOfDisagreements::EvidenceSubmissionsController::EvidenceSubmissionRequestValidatorError","modules/appeals_api/app/controllers/appeals_api/notice_of_disagreements/v0/notice_of_disagreements/evidence_submissions_controller.rb","show | create","ActiveRecord::RecordNotFound",""
"framework_only","AppealsApi::SupplementalClaims::V0::SupplementalClaims::EvidenceSubmissionsController::EvidenceSubmissionRequestValidatorError","modules/appeals_api/app/controllers/appeals_api/supplemental_claims/v0/supplemental_claims/evidence_submissions_controller.rb","show | create","ActiveRecord::RecordNotFound",""
"framework_only","AppealsApi::V1::DecisionReviews::BaseContestableIssuesController","modules/appeals_api/app/controllers/appeals_api/v1/decision_reviews/base_contestable_issues_controller.rb","index","Common::Exceptions::BackendServiceException => @backend_service_exception # rubocop:disable Naming/RescuedExceptionsVariableName",""
"framework_only","AppealsApi::V2::DecisionReviews::ContestableIssuesController","modules/appeals_api/app/controllers/appeals_api/v2/decision_reviews/contestable_issues_controller.rb","index","Common::Exceptions::BackendServiceException => @backend_service_exception # rubocop:disable Naming/RescuedExceptionsVariableName",""
"framework_only","AppealsApi::V2::DecisionReviews::LegacyAppealsController","modules/appeals_api/app/controllers/appeals_api/v2/decision_reviews/legacy_appeals_controller.rb","index","Common::Exceptions::BackendServiceException => @caseflow_exception_response # rubocop:disable Naming/RescuedExceptionsVariableName",""
"framework_only","AppealsApi::CaseflowRequest","modules/appeals_api/app/controllers/concerns/appeals_api/caseflow_request.rb","get_caseflow_response | caseflow_response | icn_to_ssn","Common::Exceptions::BackendServiceException => e",""
"framework_only","Mobile::V0::PaymentInformationController","modules/mobile/app/controllers/mobile/v0/payment_information_controller.rb","index | update","Common::Exceptions::BaseError => e",""
"framework_only","TestUserDashboard::TudAccountsController","modules/test_user_dashboard/app/controllers/test_user_dashboard/tud_accounts_controller.rb","index | update","ActiveRecord::RecordNotFound => e",""
"handled","FormAttachmentCreate","app/controllers/concerns/form_attachment_create.rb","create","=> e ;; => e ;; => e",""
"handled","SignIn::ClientConfigsController","app/controllers/sign_in/client_configs_controller.rb","index | show | create | update | destroy","","ActiveRecord::RecordNotFound"
"handled","SignIn::ServiceAccountConfigsController","app/controllers/sign_in/service_account_configs_controller.rb","index | show | create | update | destroy","","ActiveRecord::RecordNotFound"
"handled","V0::Chatbot::TokenController::ServiceException","app/controllers/v0/chatbot/token_controller.rb","create","","'V0::Chatbot::TokenController::ServiceException' | Net::HTTPError"
"handled","V0::Chatbot::UsersController","app/controllers/v0/chatbot/users_controller.rb","show","Common::Client::Errors::ClientError",""
"handled","V0::ClaimLettersController","app/controllers/v0/claim_letters_controller.rb","index | show","=> e ;; => e",""
"handled","V0::DebtsController","app/controllers/v0/debts_controller.rb","index | show","","::DebtManagementCenter::DebtsService::DebtNotFound"
"handled","V0::EducationBenefitsClaimsController","app/controllers/v0/education_benefits_claims_controller.rb","create | stem_claim_status | download_pdf","=> e",""
"handled","V0::HealthCareApplicationsController","app/controllers/v0/health_care_applications_controller.rb","rating_info | show | create | enrollment_status | healthcheck | facilities | download_pdf","HCA::SOAPParser::ValidationError",""
"handled","V0::IdCardAttributesController","app/controllers/v0/id_card_attributes_controller.rb","show","StandardError (implicit) ;; VAProfile::VeteranStatus::VAProfileError => e",""
"handled","V0::IntentToFilesController::MissingICNError::MissingParticipantIDError::InvalidITFTypeError","app/controllers/v0/intent_to_files_controller.rb","index | submit","=> e ;; => e",""
"handled","V0::MapServicesController","app/controllers/v0/map_services_controller.rb","token","Common::Client::Errors::ClientError | Common::Exceptions::GatewayTimeout | JWT::DecodeError ;; MAP::SecurityToken::Errors::ApplicationMismatchError ;; MAP::SecurityToken::Errors::MissingICNError",""
"handled","V0::MedicalCopaysController","app/controllers/v0/medical_copays_controller.rb","index | show | get_pdf_statement_by_id | send_statement_notifications","","::MedicalCopays::VBS::Service::StatementNotFound"
"handled","V0::MHVOptInFlagsController::MHVOptInFlagFeatureNotValid","app/controllers/v0/mhv_opt_in_flags_controller.rb","show | create","=> e ;; MHVOptInFlagFeatureNotValid => e ;; StandardError (implicit)",""
"handled","V0::Profile::ContactsController","app/controllers/v0/profile/contacts_controller.rb","index","=> e",""
"handled","V0::Profile::PaymentHistoryController","app/controllers/v0/profile/payment_history_controller.rb","index","=> e",""
"handled","V0::TestAccountUserEmailsController","app/controllers/v0/test_account_user_emails_controller.rb","create | create_params","StandardError (implicit)",""
"handled","V0::TsaLetterController","app/controllers/v0/tsa_letter_controller.rb","show | download","Common::Client::Errors::ClientError => e ;; Date::Error",""
"handled","V0::User::MHVUserAccountsController","app/controllers/v0/user/mhv_user_accounts_controller.rb","show","","MHV::UserAccount::Errors::UserAccountError"
"handled","V0::VeteranStatusCardsController","app/controllers/v0/veteran_status_cards_controller.rb","show","ArgumentError => e ;; => e",""
"handled","V1::MedicalCopaysController","app/controllers/v1/medical_copays_controller.rb","index | summary | show","","MedicalCopays::LighthouseIntegration::Service::ServiceError"
"handled","AccreditedRepresentativePortal::V0::ClaimantController","modules/accredited_representative_portal/app/controllers/accredited_representative_portal/v0/claimant_controller.rb","search","MPI::Errors::ArgumentError => e",""
"handled","AccreditedRepresentativePortal::V0::PowerOfAttorneyRequestDecisionsController","modules/accredited_representative_portal/app/controllers/accredited_representative_portal/v0/power_of_attorney_request_decisions_controller.rb","create","PowerOfAttorneyRequestService::Accept::Error => e ;; ActiveRecord::RecordInvalid => e ;; Faraday::TimeoutError => e ;; Common::Exceptions::ResourceNotFound ;; => e",""
"handled","AccreditedRepresentativePortal::PowerOfAttorneyRequests","modules/accredited_representative_portal/app/controllers/concerns/accredited_representative_portal/power_of_attorney_requests.rb","set_poa_request","","ActiveRecord::RecordNotFound | ActiveRecord::RecordInvalid | ActionController::BadRequest"
"handled","AppealsApi::V2::DecisionReviews::HigherLevelReviews::ContestableIssuesController","modules/appeals_api/app/controllers/appeals_api/v2/decision_reviews/higher_level_reviews/contestable_issues_controller.rb","index","Date::Error # If date cannot be parsed",""
"handled","AppsApi::V0::DirectoryController","modules/apps_api/app/controllers/apps_api/v0/directory_controller.rb","index | show | create | update | destroy | scopes","StandardError (implicit)",""
"handled","Burials::V0::ClaimsController","modules/burials/app/controllers/burials/v0/claims_controller.rb","show | create","ActiveRecord::RecordNotFound => e ;; => e ;; => e ;; => e",""
"handled","CheckIn::V2::AppointmentsController","modules/check_in/app/controllers/check_in/v2/appointments_controller.rb","index | permitted_params","ArgumentError ;; ArgumentError",""
"handled","ClaimsApi::UpstreamFaradayHealthcheckController","modules/claims_api/app/controllers/claims_api/upstream_faraday_healthcheck_controller.rb","corporate | claimant | itf","StandardError (implicit) ;; StandardError (implicit) ;; StandardError (implicit)",""
"handled","ClaimsApi::V1::ClaimsController","modules/claims_api/app/controllers/claims_api/v1/claims_controller.rb","index | show","EVSS::ErrorMiddleware::EVSSError => e ;; => e",""
"handled","ClaimsApi::V1::Forms::DisabilityCompensationController","modules/claims_api/app/controllers/claims_api/v1/forms/disability_compensation_controller.rb","submit_form_526 | upload_form_526 | upload_supporting_documents | validate_form_526","::EVSS::DisabilityCompensationForm::ServiceException | EVSS::ErrorMiddleware::EVSSError => e ;; ::Common::Exceptions::BackendServiceException => e ;; ::Common::Exceptions::GatewayTimeout ;; ClaimsApi::Common::Exceptions::Lighthouse::BackendServiceException => e",""
"handled","ClaimsApi::DisabilityCompensationValidations","modules/claims_api/app/controllers/concerns/claims_api/disability_compensation_validations.rb","validate_form_526_submission_values","ArgumentError",""
"handled","ClaimsApi::PoaVerification","modules/claims_api/app/controllers/concerns/claims_api/poa_verification.rb","validate_poa_code | valid_poa_code | validate_poa_code_for_current_user | target_veteran_is_current_user | valid_poa_code_for_current_user | verify_power_of_attorney | poa_code_in_organization","::Common::Exceptions::UnprocessableEntity ;; ::Common::Exceptions::Unauthorized => e ;; => e",""
"handled","ClaimsApi::RevisedDisabilityCompensationValidations","modules/claims_api/app/controllers/concerns/claims_api/revised_disability_compensation_validations.rb","validate_form_526_submission_values | retrieve_separation_locations | validate_form_526_submission_claim_date | validate_form_526_location_codes | validate_form_526_service_periods_begin_in_past | validate_service_periods_quantity | validate_service_periods_chronology | validate_form_526_no_active_duty_end_date_more_than_180_days_in_future | end_date_beyond_180_days | validate_service_after_13th_birthday | eligible_for_future_end_date | past_service_period | validate_form_526_title10_activation_date | validate_form_526_title10_anticipated_separation_date | valid_countries | validate_form_526_current_mailing_address | validate_form_526_current_mailing_address_country | validate_form_526_change_of_address | validate_form_526_change_of_address_beginning_date | validate_form_526_change_of_address_ending_date | validate_form_526_change_of_address_country | validate_form_526_disabilities | validate_form_526_fewer_than_150_disabilities | contention_classification_type_code_list | bgs_classification_ids | validate_form_526_disability_classification_code_end_date | validate_form_526_disability_classification_code | validate_form_526_disability_approximate_begin_date | validate_form_526_special_issues | invalid_hepatitis_c_special_issue | invalid_pow_special_issue | invalid_type_increase_special_issue | validate_form_526_disability_unique_names | mask_all_but_first_character | parse_date_safely","ArgumentError | TypeError",""
"handled","ClaimsApi::TokenValidation","modules/claims_api/app/controllers/concerns/claims_api/token_validation.rb","verify_access | validate_token | get_user_info | token | token_string_from_request | mpi_service | user_from_validated_token | permit_scopes","::Common::Exceptions::TokenValidationError => e ;; => e ;; => e",""
"handled","DebtsApi::V0::DigitalDisputesController","modules/debts_api/app/controllers/debts_api/v0/digital_disputes_controller.rb","create","ActiveRecord::RecordInvalid => e ;; => e ;; ArgumentError => e",""
"handled","DebtsApi::V0::FinancialStatusReportsController","modules/debts_api/app/controllers/debts_api/v0/financial_status_reports_controller.rb","create | transform_and_submit | download_pdf | submissions | rehydrate","ActiveRecord::RecordNotFound ;; DebtsApi::V0::FsrRehydrationService::UserDoesNotOwnsubmission ;; DebtsApi::V0::FsrRehydrationService::NoInProgressFormDataStored ;; => e","DebtsApi::V0::FinancialStatusReportService::FSRNotFoundInRedis"
"handled","DecisionReviews::V1::NoticeOfDisagreements::ContestableIssuesController","modules/decision_reviews/app/controllers/decision_reviews/v1/notice_of_disagreements/contestable_issues_controller.rb","index","=> e",""
"handled","IncomeAndAssets::V0::ClaimsController","modules/income_and_assets/app/controllers/income_and_assets/v0/claims_controller.rb","short_name | claim_class | show | create","ActiveRecord::RecordNotFound => e ;; => e ;; => e ;; => e",""
"handled","IncreaseCompensation::V0::ClaimsController","modules/increase_compensation/app/controllers/increase_compensation/v0/claims_controller.rb","short_name | claim_class | show | create","ActiveRecord::RecordNotFound => e ;; => e ;; => e ;; => e",""
"handled","IvcChampva::V1::PegaController","modules/ivc_champva/app/controllers/ivc_champva/v1/pega_controller.rb","update_status","JSON::ParserError => e ;; => e ;; => e",""
"handled","MedicalExpenseReports::V0::ClaimsController","modules/medical_expense_reports/app/controllers/medical_expense_reports/v0/claims_controller.rb","short_name | claim_class | show | create","ActiveRecord::RecordNotFound => e ;; => e ;; => e ;; => e",""
"handled","Mobile::V0::AppointmentsController","modules/mobile/app/controllers/mobile/v0/appointments_controller.rb","index | cancel | create","=> e",""
"handled","Mobile::V0::CheckInDemographicsController","modules/mobile/app/controllers/mobile/v0/check_in_demographics_controller.rb","show | update","Chip::ServiceException",""
"handled","Mobile::V0::DependentsController","modules/mobile/app/controllers/mobile/v0/dependents_controller.rb","index | create","=> e",""
"handled","Mobile::V0::FinancialStatusReportsController","modules/mobile/app/controllers/mobile/v0/financial_status_reports_controller.rb","download","::DebtsApi::V0::FinancialStatusReportService::FSRNotFoundInRedis",""
"handled","Mobile::V0::MedicalCopaysController","modules/mobile/app/controllers/mobile/v0/medical_copays_controller.rb","index | show | download","=> e",""
"handled","Mobile::V0::MessagesController","modules/mobile/app/controllers/mobile/v0/messages_controller.rb","index | show | create | destroy | thread | reply | categories | move | signature","JSON::ParserError ;; Common::Client::Errors::Serialization => e ;; Common::Client::Errors::Serialization => e",""
"handled","Mobile::V0::PushNotificationsController","modules/mobile/app/controllers/mobile/v0/push_notifications_controller.rb","register | get_prefs | set_pref | send_notification","=> e",""
"handled","Mobile::V0::TravelPayClaimsController","modules/mobile/app/controllers/mobile/v0/travel_pay_claims_controller.rb","index | show | create | download_document","ArgumentError => e ;; ArgumentError ;; Faraday::ResourceNotFound ;; => e",""
"handled","Mobile::V0::VeteranStatusCardsController","modules/mobile/app/controllers/mobile/v0/veteran_status_cards_controller.rb","show","ArgumentError => e ;; => e",""
"handled","Mobile::V1::AllergyIntolerancesController","modules/mobile/app/controllers/mobile/v1/allergy_intolerances_controller.rb","index","Common::Exceptions::BackendServiceException => e ;; => e",""
"handled","Mobile::V1::PrescriptionsController","modules/mobile/app/controllers/mobile/v1/prescriptions_controller.rb","index | refill","Common::Exceptions::BackendServiceException ;; JSON::ParserError",""
"handled","MockedAuthentication::CredentialController","modules/mocked_authentication/app/controllers/mocked_authentication/credential_controller.rb","authorize | credential_list | index","=> e ;; => e ;; => e",""
"handled","MockedAuthentication::MPI::MockdataController","modules/mocked_authentication/app/controllers/mocked_authentication/mpi/mockdata_controller.rb","show","=> e","ActionController::BadRequest"
"handled","MyHealth::V1::AllTriageTeamsController","modules/my_health/app/controllers/my_health/v1/all_triage_teams_controller.rb","index","=> e",""
"handled","MyHealth::V1::MedicalRecords::CcdController","modules/my_health/app/controllers/my_health/v1/medical_records/ccd_controller.rb","generate | download | product","=> e ;; => e",""
"handled","MyHealth::V1::MedicalRecords::MilitaryServiceController::MissingEdipiError","modules/my_health/app/controllers/my_health/v1/medical_records/military_service_controller.rb","index","MissingEdipiError => e",""
"handled","MyHealth::V1::TriageTeamsController","modules/my_health/app/controllers/my_health/v1/triage_teams_controller.rb","index","=> e",""
"handled","MyHealth::V2::PrescriptionsController","modules/my_health/app/controllers/my_health/v2/prescriptions_controller.rb","refill | index | show | list_refillable_prescriptions","JSON::ParserError",""
"handled","Pensions::V0::ClaimsController","modules/pensions/app/controllers/pensions/v0/claims_controller.rb","short_name | claim_class | show | create","ActiveRecord::RecordNotFound => e ;; => e ;; => e ;; => e",""
"handled","RepresentationManagement::V0::FlagAccreditedRepresentativesController","modules/representation_management/app/controllers/representation_management/v0/flag_accredited_representatives_controller.rb","create","ActiveRecord::Rollback ;; ArgumentError => e",""
"handled","SimpleFormsApi::V1::CemeteriesController","modules/simple_forms_api/app/controllers/simple_forms_api/v1/cemeteries_controller.rb","index","=> e",""
"handled","SurvivorsBenefits::V0::ClaimsController","modules/survivors_benefits/app/controllers/survivors_benefits/v0/claims_controller.rb","short_name | claim_class | show | create","ActiveRecord::RecordNotFound => e ;; => e ;; => e ;; => e",""
"handled","TestUserDashboard::TudGithubOAuthProxyController","modules/test_user_dashboard/app/controllers/test_user_dashboard/tud_github_oauth_proxy_controller.rb","index","=> e",""
"handled","Vass::V0::AppointmentsController","modules/vass/app/controllers/vass/v0/appointments_controller.rb","availability | topics | show | cancel | create","Vass::Errors::VassApiError ;; Vass::Errors::VassApiError ;; Vass::Errors::VassApiError ;; Vass::Errors::VassApiError ;; Vass::Errors::VassApiError","ActionController::ParameterMissing"
"handled","VBADocuments::V1::UploadsController","modules/vba_documents/app/controllers/vba_documents/v1/uploads_controller.rb","show | create | download | validate_document","Common::Exceptions::GatewayTimeout | Common::Exceptions::BadGateway => e",""
"handled","Veteran::V0::BaseAccreditedRepresentativesController","modules/veteran/app/controllers/veteran/v0/base_accredited_representatives_controller.rb","index","ArgumentError ;; ArgumentError ;; ArgumentError",""
